공구번호,보유,위치,공유
000 581 00 04,1,01월 03일, -
000 581 01 04 14,1,01월 03일, -
000 586 00 99 00,-,-,공유
000 588 00 99 00,1,01월 03일,
000 588 01 19 00,-,-,공유
000 589 00 21 00,1,01월 03일, -
000 589 00 32 00,1,벽, -
000 589 00 63 00,1,01월 04일, -
000 589 94 63 00,1,02월 15일,-
000 589 01 10 00,3,01월 04일, -
000 589 01 21 00,1,01월 08일, -
000 589 01 22 00,1,01월 05일,-
000 589 01 68 00,1,01월 04일,-
000 589 01 68 01,1,01월 04일,-
000 589 02 21 00,-,-,공유
000 589 02 22 00,1,01월 04일,-
000 589 02 98 00,1,01월 04일, -
000 589 03 10 00 ,2,01월 04일,공유
000 589 03 22 00,1,01월 04일, -
000 589 04 10 00 ,2,01월 04일,공유
000 589 04 14 00 ,1,01월 04일,공유
000 589 04 22 00,1,01월 04일, -
000 589 04 37 00,2,01월 04일, -
000 589 05 91 00,1,01월 05일,-
000 589 08 63 00,1,01월 05일, -
000 589 10 63 00 ,-,-,공유
000 589 10 99 01 ,1,01월 05일, -
000 589 10 99 32,1,01월 05일,-
000 589 13 99 00,1,01월 06일, -
000 589 18 31 00 ,1,1층, -
000 589 20 99 00,-,-,공유
000 589 21 99 00,1,01월 06일,-
000 589 24 07 00,1,01월 06일,
000 589 26 68 00,2,01월 06일, -
000 589 28 33 00,1,01월 07일, -
000 589 29 33 00,-,-,공유
000 589 30 37 00,1,01월 07일, -
000 589 31 33 00,-,-,공유
000 589 33 33 00,1,01월 07일, -
000 589 34 33 00,-,-,공유
000 589 35 33 00,-,-,공유
000 589 40 37 00 ,3,01월 07일, -
000 589 51 37 00 ,-,-,공유
000 589 52 37 00,1,01월 07일, -
000 589 52 43 00 ,3,01월 07일, -
000 589 52 98 00 ,1,01월 08일, -
000 589 54 37 00 ,4,01월 07일, -
000 589 55 37 00,1,01월 07일, -
000 589 61 34 00,-,-,공유
000 589 65 33 00,1,01월 07일,
000 589 68 03 00,1,02월 02일,
000 589 68 33 00,-,-,공유
000 589 69 03 00 ,1,02월 02일, -
000 589 70 03 00 ,1,02월 02일, -
000 589 71 03 00 ,1,02월 02일, -
000 589 72 03 00,1,02월 02일, -
000 589 75 03 00,1,02월 02일,
000 589 76 03 00 ,1,02월 02일, -
000 589 77 03 00,1,02월 02일,
000 589 77 63 00,1,02월 02일,
000 589 78 03 00,1,02월 02일, -
000 589 80 03 00,1,02월 02일, -
000 589 86 63 00,1,02월 02일,-
000 589 88 33 00,1,02월 02일, -
000 589 88 63 00      ,3,02월 02일, -
000 589 90 63 00,1,02월 02일, -
000 589 91 63 00,-,-,공유
000 589 92 63 00,-,-,공유
000 589 93 63 00,2,02월 03일,-
000 589 95 63 00,1,02월 03일,-
001 589 00 03 00,1,02월 03일,
001 589 00 07 00,1,02월 03일, -
001 589 00 31 00,1,02월 03일, -
001 589 00 40 00,-,-,공유
001 589 00 91 00,2,02월 03일, -
001 589 01 07 00,1,02월 03일,-
001 589 01 16 10,1,02월 03일,-
001 589 01 91 00,2,02월 03일, -
001 589 02 16 00,2,02월 03일, -
001 589 02 91 00,2,02월 04일, -
001 589 03 91 00,2,02월 04일,-
001 589 05 91 00,-,-,공유
001 589 19 33 00,-,-,공유
001 589 38 33 00,1,02월 04일, -
001 589 50 33 00,1,02월 04일,공유
001 589 51 33 00,1,02월 04일, -
001 589 53 21 00 ,1,02월 04일,
001 589 65 09 00,1,02월 04일, -
001 589 66 21 00,1,02월 04일, -
001 589 67 21 00,1,02월 04일, -
001 589 72 21 00,1,02월 04일, -
001 589 73 21 00,1,02월 05일, -
001 589 76 09 00 ,1,02월 05일, -
001 589 76 21 00,1,02월 05일, -
001 589 80 09 00,1,02월 05일, -
001 589 87 21 00,1,02월 05일,
003 589 03 37 00,1,02월 06일, -
102 589 00 34 00,2,02월 06일, -
103 589 00 21 00,1,02월 06일, -
103 589 00 21 04,1,02월 06일, -
103 589 00 37 00,1,02월 06일,
103 589 00 40 00,1,02월 06일,
103 589 00 91 00,-,-,공유
103 589 01 39 00,-,-,공유
103 589 01 63 00,-,-,공유
103 589 02 09 00,3,02월 06일, -
103 589 02 63 00,1,02월 06일,
103 589 03 09 00,1,02월 06일,-
104 589 01 01 00,1,02월 07일, -
110 589 01 01 00,1,02월 07일,
110 589 02 63 00,1,02월 07일, -
111 589 00 91 00,1,02월 07일, -
111 589 03 09 00,1,02월 07일, -
111 589 03 15 00,1,02월 07일,공유
111 589 08 43 00,-,-,공유
111 589 25 61 00,-,-,공유
112 589 00 10 00,1,02월 07일,공유
112 589 00 25 00,2,02월 07일, -
112 589 00 40 00,1,02월 07일,공유
112 589 01 03 00,1,03월 02일,
112 589 01 09 00 ,3,03월 02일, -
112 589 02 09 00,1,03월 02일,공유
112 589 03 40 00,1,03월 02일,공유
112 589 07 40 00,1,03월 02일,공유
112 589 09 61 00,1,03월 02일, -
112 589 09 63 00,-,-,공유
113 589 00 01 00,1,03월 02일,-
113 589 00 40 00,1,03월 02일,
116 589 01 34 00,1,03월 02일, -
116 589 01 62 00,2,03월 02일, -
116 589 02 07 00,1,03월 03일, -
116 589 03 07 00,1,03월 03일, -
116 589 06 59 00,1,"3-3
엔진실","일부
공유"
116 589 06 63 00,-,-,공유
116 589 09 43 00,-,-,공유
116 589 11 61 00,-,-,공유
116 589 20 33 00,1,03월 03일, -
116 589 22 33 00,1,03월 03일, -
119 589 01 14 00,-,-,공유
119 589 02 09 00,1,03월 03일,
119 589 04 63 00,1,벽, -
120 589 02 01 00,1,03월 03일,
120 589 02 09 00,1,03월 03일,
120 589 07 21 00,1,벽, -
120 589 14 07 00,1,03월 04일,-
123 589 00 34 00,1,03월 04일,공유
123 589 02 09 00,1,03월 04일,
123 589 02 10 00,1,03월 04일, -
123 589 03 09 00,1,03월 04일, -
123 589 08 33 00,-,-,공유
124 589 00 37 00,-,-,공유
124 589 00 91 00,1,03월 04일, -
124 589 01 31 00,4,1층, -
124 589 02 33 00,1,03월 04일,
124 589 02 34 00,-,-,공유
124 589 04 33 00,-,-,공유
124 589 03 33 00,1,03월 04일,
124 589 04 33 00,,,
124 589 05 43 00,1,03월 04일,공유
124 589 06 21 00,1,03월 05일,공유
124 589 07 21 00,1,03월 05일,공유
124 589 09 63 00,1,03월 05일, -
124 589 17 21 00,-,-,공유
124 589 17 63 00,1,03월 05일, -
124 589 18 21 00,-,-,공유
124 589 24 21 00,1,03월 05일, -
126 589 00 01 00,1,03월 06일,
126 589 00 10 00,2,03월 06일, -
126 589 02 09 00,1,03월 06일, -
126 589 04 09 00,5,"3-6
현장", -
126 589 04 31 00,2,03월 06일, -
126 589 12 63 00,1,03월 06일, -
126 589 13 63 00,1,03월 06일,
129 589 00 21 00,1,03월 06일,
129 589 00 91 00,1,03월 07일, -
129 589 01 03 00,1,03월 07일,공유
129 589 03 21 00,1,03월 07일,
129 589 01 07 00,-,-,공유
129 589 01 21 00,1,03월 01일, -
129 589 03 43 00,1,03월 01일,공유
129 589 10 63 00,1,03월 07일, -
133 589 00 63 00,-,-,공유
137 589 00 33 00,1,03월 07일, -
137 589 00 63 00,1,03월 08일,공유
137 589 01 33 00,1,03월 07일, -
137 589 01 40 00,-,-,공유
139 589 00 62 00,,,공유
139 589 01 40 00 ,1,03월 07일,-
139 589 02 40 00,-,-,공유
139 589 05 40 00,-,-,공유
140 589 00 03 00,1,03월 07일, -
140 589 00 09 00,1,03월 07일,
140 589 00 19 00,1,04월 02일, -
140 589 00 33 00 ,1,04월 02일,
140 589 00 63 00,1,04월 02일, -
140 589 01 34 00,-,-,공유
140 589 01 62 00,1,04월 02일,공유
140 589 02 33 00,4,04월 02일, -
140 589 06 34 00,-,-,공유
140 589 09 33 00,1,04월 02일,
140 589 10 15 00,-,-,공유
140 589 12 15 00,1,04월 02일, -
140 589 13 21 00,1,04월 02일,
140 589 13 43 00,1,04월 03일,공유
140 589 14 15 00,-,-,공유
140 589 15 21 00,1,벽, -
140 589 34 63 00,1,"4-8
엔진실","일부
공유"
140 589 43 63 00,1,04월 08일,공유
140 589 45 63 00,1,04월 08일,공유
140 589 49 63 00,1,04월 03일, -
140 589 51 63 01,1,04월 03일, -
152 589 00 40 00,-,-,공유
156 589 00 31 00,-,-,공유
156 589 00 32 00,-,-,공유
156 589 00 34 00,-,-,공유
156 589 00 61 00,-,-,공유
156 589 00 63 00,1,04월 03일,공유
156 589 01 63 00 ,-,-,공유
159 589 00 40 00 ,-,-,공유
159 589 00 61 00 ,1,04월 03일,공유
163 589 00 63 00,1,04월 03일,공유
163 589 01 43 00,1,04월 03일,
163 589 01 91 00,1,04월 03일,
163 589 02 91 00,1,04월 03일,
163 589 03 43 00,1,04월 03일, -
164 589 00 37 00,-,-,공유
164 589 01 07 00,1,04월 03일, -
164 589 02 07 00,1,04월 03일,공유
164 589 03 63 00,1,긴급출동, -
164 589 04 43 00,1,04월 04일, -
164 589 10 23 00,1,04월 04일, -
166 589 00 03 00,1,04월 04일, -
166 589 00 40 00,-,-,공유
166 589 00 43 00,1,04월 05일, -
166 589 00 63 00,1,04월 05일, -
166 589 00 91 00,1,04월 05일, -
166 589 01 14 00,1,04월 05일, -
166 589 04 63 00,1,04월 08일,공유
167 589 00 09 00,1,04월 05일,-
167 589 00 40 00,1,04월 05일,-
167 589 00 63 00,1,04월 05일,-
167 589 01 62 00,1,04월 05일,-
167 589 01 63 00,-,,공유
167 589 06 43 00,1,04월 06일,-
168 589 00 62 00,1,04월 06일, -
168 589 01 21 00,2,벽, -
168 589 02 31 00,1,04월 06일,-
168 589 03 21 00,-,-,공유
168 589 08 63 00,1,04월 06일, -
169 589 00 03 00,1,04월 06일,
169 589 00 31 00,1,04월 06일,
169 589 00 37 00,1,04월 06일, -
169 589 00 40 00,1,04월 06일,
169 589 00 62 00,1,04월 06일,
169 589 00 91 00,1,04월 06일,
169 589 01 27 00,1,04월 07일,
169 589 02 31 00,1,04월 07일, -
169 589 02 62 00,1,06월 01일,
169 589 02 63 00,1,04월 07일, -
170 589 04 63 00,1,06월 15일,-
171 589 00 34 00,2,04월 07일, -
171 589 00 37 00,1,04월 07일,-
171 589 00 39 00,1,04월 07일, -
172 589 00 63 00,1,04월 07일, -
172 589 00 91 00,1,05월 02일,공유
172 589 01 63 00,1,05월 01일,공유
172 589 02 23 00,1,06월 08일,공유
172 589 03 23 00,-,-,공유
176 589 00 15 00,-,-.,공유
176 589 00 40 00,1,05월 02일, -
176 589 00 43 00,-,-,공유
176 589 01 15 00,-,-,공유
177 589 00 03 00,1,05월 02일,-
177 589 00 10 00,-,-,공유
177 589 00 15 00,-,-,공유
177 589 00 21 00,-,-,공유
177 589 00 23 00,1,05월 02일,-
177 589 00 31 00,1,05월 03일,-
177 589 00 32 00,"주문
불가",-,-
177 589 00 37 00,1,05월 03일,-
177 589 00 40 00,1,05월 03일,-
177 589 00 43 00,-,-,공유
177 589 00 61 00,-,-,공유
177 589 00 62 00,-,-,공유
177 589 00 63 00,-,-,공유
177 589 01 09 00,-,-,공유
177 589 01 21 00,-,-,공유
177 589 01 40 00,1,05월 03일,-
177 589 01 40 01,1,05월 03일,-
177 589 01 62 00,-,-,공유
177 589 01 63 00,1,05월 04일,-
177 589 02 15 00,1,05월 04일,-
177 589 02 40 00,-,-,공유
177 589 02 43 00,1,05월 04일,-
177 589 03 15 00,1,05월 04일,-
177 589 03 32 00,1,05월 04일,
177 589 03 40 00,-,-,공유
177 589 03 63 00,1,05월 05일,-
177 589 05 15 00,1,05월 05일,-
177 589 06 15 00,1,05월 05일,-
190 589 00 15 00,-,-,공유
190 589 01 15 00,-,-,공유
197 589 00 63 00,1,05월 05일,공유
197 589 01 31 00,-,-,공유
197 589 02 31 00,-,-,공유
199 589 01 09 00,5,05월 05일, -
201 589 00 01 00,1,05월 05일, -
201 589 01 33 00,1,05월 05일,
201 589 05 63 00,1,05월 05일,
201 589 13 21 00,1,05월 06일, -
201 589 14 33 00,1,05월 06일,
202 589 00 07 00,1,05월 06일,
202 589 00 09 00,1,05월 06일,공유
202 589 00 10 00,1,"5-6
1층",
202 589 00 15 00,1,05월 06일,공유
202 589 00 43 00,1,05월 07일, -
202 589 01 31 00,1,05월 07일,
202 589 01 37 00,-,-,공유
202 589 02 31 00,1,05월 07일, -
202 589 02 33 00,1,05월 07일,
202 589 04 43 00,1,05월 07일,공유
202 589 11 63 00,1,06월 02일, -
202 589 13 63 00,1,06월 02일,-
202 589 14 63 00,1,06월 02일,-
202 589 00 33 00,1,06월 02일,
203 589 00 43 00,1,06월 02일,공유
203 589 01 07 00,1,06월 03일,
203 589 01 09 00,1,06월 03일,공유
203 589 01 14 00,-,-,공유
203 589 01 31 00,1,06월 03일, -
203 589 01 63 00,1,06월 03일, -
203 589 02 31 00,1,06월 04일,
203 589 02 43 00,1,06월 03일,공유
203 589 03 31 00,-,-,공유
203 589 04 31 03,1,06월 04일, -
203 589 04 33 00,2,06월 04일, -
203 589 07 63 00,-,-,공유
204 589 00 16 00,1,06월 04일, -
204 589 00 33 00,1,06월 04일, -
204 589 00 43 00,1,06월 04일,공유
204 589 00 63 00,1,06월 05일, -
204 589 01 43 00 ,1,06월 05일,공유
204 589 01 63 00,-,-,공유
204 589 02 63 00,1,06월 05일, -
204 589 03 63 00,1,06월 05일, -
204 589 04 63 00,1,06월 05일, -
205 589 00 09 00,1,06월 05일, -
205 589 00 15 00,-,-,공유
205 589 00 21 00,1,06월 06일, -
205 589 00 31 00,-,-,공유
205 589 00 43 00,-,-,공유
205 589 00 61 00,-,-,공유
205 589 00 63 00,1,06월 06일, -
205 589 01 15 00,-,-,공유
205 589 01 31 00,-,-,공유
205 589 01 63 00,2,06월 06일, -
205 589 02 63 00,2,06월 06일, -
205 589 03 63 00,2,06월 06일, -
206 586 00 31 00,-,-,공유
206 586 01 31 00,-,-,공유
206 588 00 32 00,-,-,공유
206 589 00 15 00,1,06월 06일,-
206 589 00 19 00,-,-,공유
206 589 00 21 00,1,06월 06일,-
206 589 01 32 00,1,06월 07일,-
207 589 02 23 00,-,-,공유
208 589 00 15 00,-,-,공유
208 589 00 21 00,-,-,공유
208 589 00 37 00,-,-,공유
208 589 00 77 00,-,-,공유
208 589 01 21 00,-,-,공유
210 589 00 07 00,1,06월 07일,
210 589 00 71 00,1,06월 07일, -
210 589 00 91 00,1,06월 07일, -
210 589 01 07 00,1,06월 07일,
210 589 01 14 00,1,06월 07일, -
210 589 01 16 00,1,07월 02일, -
210 589 01 43 00,1,07월 02일,공유
210 589 03 43 00,1,07월 02일, -
210 589 03 63 00,1,07월 02일, -
210 589 04 63 00,1,07월 02일, -
210 589 05 15 00,1,07월 02일, -
210 589 11 63 00,1,07월 08일,
211 589 00 03 00,1,07월 02일, -
211 589 00 09 00,2,07월 02일, -
211 589 00 15 00,1,07월 03일,공유
211 589 00 31 00,1,07월 03일, -
211 589 00 43 00,1,07월 03일, -
211 589 00 61 00,-,-,공유
211 589 00 63 00,2,07월 03일, -
211 589 01 33 00,1,07월 03일,공유
211 589 01 63 00,1,07월 03일,
211 589 02 21 00,1,07월 04일, -
211 589 02 34 00,1,07월 04일,공유
211 589 03 21 00,1,07월 04일,
211 589 03 63 00,1,07월 04일, -
211 589 04 15 00,1,07월 04일,공유
211 589 04 21 02,1,07월 05일, -
211 589 06 23 00,2,07월 05일, -
211 589 13 63 00,1,07월 05일,
212 589 00 43 00 ,1,07월 05일, -
212 589 00 43 99,1,07월 05일, -
212 589 00 63 00,1,07월 05일, -
212 589 00 90 00,1,07월 06일, -
212 589 00 91 00,-,-,공유
212 589 01 31 00,-,-,공유
212 589 01 63 00,1,07월 08일,공유
212 589 04 63 00,1,07월 06일, -
213 589 00 90 00,1,07월 06일,
213 589 01 63 00,-,-,공유
215 589 01 63 00 ,1,07월 06일, -
217 589 00 07 00,-,-,공유
217 589 00 31 00,-,-,공유
217 589 00 62 00,-,-,공유
220 589 00 07 00,1,07월 06일,
220 589 00 33 00,1,07월 06일,
220 589 00 61 00,1,07월 06일, -
220 589 01 09 00,1,07월 07일,공유
220 589 01 43 00,1,07월 07일, -
220 589 01 99 41 ,1,07월 07일, -
220 589 01 99 42,1,07월 07일,
220 589 01 99 50,1,01월 06일, -
220 589 03 43 00,1,07월 07일,
220 589 04 43 00,1,07월 07일, -
220 589 04 99 00,1,01월 06일, -
220 589 04 99 12,1,01월 06일, -
220 589 04 99 13,1,01월 06일, -
220 589 04 99 14,1,01월 06일, -
220 589 04 99 15,1,01월 06일, -
220 589 04 99 16,1,01월 06일, -
220 589 04 99 17,1,01월 06일, -
220 589 04 99 18,1,01월 06일, -
220 589 04 99 19,1,01월 06일, -
220 589 04 99 31,1,01월 06일, -
220 589 04 99 32,1,01월 06일, -
220 589 04 99 33,1,01월 06일, -
220 589 04 99 34,1,01월 06일, -
220 589 04 99 35,1,01월 06일, -
220 589 04 99 36,1,01월 06일, -
220 589 04 99 37,1,01월 06일, -
220 589 04 99 38,1,01월 06일, -
220 589 05 99 00,2,08월 08일, -
220 589 06 43 00,1,08월 08일, -
221 589 00 31 00,1,08월 08일, -
221 589 00 33 00,1,08월 08일, -
221 589 00 33 03,1,08월 08일, -
221 589 00 39 00,1,08월 08일, -
221 589 00 62 00,1,08월 03일, -
221 589 00 91 00,1,08월 03일,공유
221 589 01 31 00 ,1,08월 03일,공유
221 589 01 33 00,1,08월 04일, -
221 589 01 62 00,1,08월 04일, -
221 589 02 33 00,1,08월 04일, -
221 589 03 09 00,1,08월 04일, -
221 589 03 33 00,1,08월 04일, -
221 589 05 33 00,1,08월 04일, -
221 589 05 63 00,1,08월 04일, -
222 589 00 09 00,1,08월 04일, -
222 589 00 23 00,1,08월 05일,-
222 589 00 31 00,1,08월 05일, -
222 589 00 62 00,-,-,공유
222 589 00 63 00,-,-,공유
222 589 01 31 00,-,-,공유
222 589 01 63 00,-,-,공유
222 589 01 91 00,-,-,공유
222 589 02 43 00,-,-,공유
222 589 02 63 00,-,-,공유
222 589 03 43 00,1,08월 05일, -
222 589 03 63 00,-,-,공유
222 589 04 43 00,-,-,공유
222 589 04 63 00,-,-,공유
222 589 05 63 00,-,-,공유
223 586 00 63 00,1,08월 08일,-
223 589 00 15 00,1,1,-
223 589 00 31 00,-,-,공유
223 589 01 31 00,1,08월 05일,-
223 589 01 63 00,1,08월 01일,공유
230 589 00 33 00,1,08월 06일, -
230 589 00 40 00,1,08월 06일, -
230 589 00 43 00,1,08월 06일,
230 589 01 33 00,-,-, -
230 589 01 90 00,1,08월 06일, -
230 589 02 63 00,1,08월 06일,공유
230 589 06 63 00,-,-,공유
230 589 10 63 00,1,08월 07일,
230 589 11 63 00,1,08월 07일, -
231 589 00 21 00,-,-,공유
231 589 00 43 00,-,-,공유
231 589 02 23 00,-,-,공유
231 589 02 63 00,-,-,공유
231 589 03 23 00,-,-,공유
232 588 00 31 00,-,-,공유
232 589 00 19 00,-,-,공유
240 589 00 22 00,1,08월 07일,
240 589 00 32 00,1,벽,공유
240 589 00 61 00,1,벽,공유
240 589 00 61 10,1,벽,공유
240 589 00 91 00,1,08월 07일, -
240 589 01 31 00,1,벽, -
240 589 02 31 00,-,-,공유
240 589 04 33 00,1,08월 07일,공유
240 589 05 33 00,-,-,공유
242 589 00 63 00,1,02월 15일,-
243 588 00 32 00,1,03월 15일,-
243 589 00 91 00,1,03월 15일,
243 589 02 43 00,1,03월 15일,-
246 589 00 15 00,1,09월 02일, -
246 589 00 33 00,1,09월 02일, -
246 589 00 40 00,2,09월 02일, -
246 589 00 43 00,1,09월 02일, -
246 589 00 62 00,-,-,공유
246 589 00 63 00,1,09월 02일, -
246 589 01 33 00,1,09월 03일, -
246 589 01 63 00,1,09월 03일, -
246 589 02 43 00,-,-,공유
253 589 00 15 00,1,03월 15일,-
254 586 00 43 00,1,09월 03일,-
254 588 00 32 00,-,-,공유
254 589 00 31 00,-,-,공유
254 589 01 33 00,1,09월 03일,-
256 589 00 23 00,1,09월 03일,-
256 589 00 63 00,1,09월 04일,-
256 589 01 31 00,1,09월 04일,-
266 589 01 63 00,1,09월 08일, -
256 589 01 91 00,1,09월 04일,"일부
공유"
256 589 02 31 00,1,09월 04일,-
266 589 00 31 00,1,09월 04일,
266 589 01 61 00,1,09월 04일,
270 589 00 15 00,-,-,공유
270 589 00 34 00,-,-,공유
270 589 00 63 00,1,09월 04일, -
270 589 00 68 00,-,-,공유
270 589 01 33 00,1,09월 05일,-
270 589 01 61 00,1,09월 05일,공유
270 589 01 63 00,-,-,공유
270 589 01 91 00,-,09월 05일, -
270 589 02 40 00,-,-,공유
270 589 03 91 00,1,09월 05일, -
271 589 00 01 00,-,-,공유
271 589 00 10 00,1,09월 05일, -
271 589 00 15 00,1,09월 05일, -
271 589 00 21 00,1,09월 05일, -
271 589 00 40 00,1,09월 05일,
271 589 00 43 00,1,09월 05일,공유
271 589 00 61 00,1,09월 06일, -
271 589 00 91 00,1,09월 06일, -
271 589 01 01 00,-,-,공유
271 589 01 33 00,1,09월 06일,
271 589 01 40 00,1,09월 06일, -
271 589 01 43 00,1,09월 06일, -
271 589 01 91 00,1,09월 06일, -
271 589 02 33 00,1,09월 06일, -
271 589 02 40 00,1,09월 06일,
271 589 04 63 00,1,09월 06일, -
271 589 05 63 00,1,09월 06일,공유
271 589 06 63 00,-,-,공유
271 589 07 63 00,-,-,공유
271 589 09 63 00,1,09월 07일,
272 589 00 14 00,1,09월 07일,
272 589 00 43 00,1,09월 07일, -
272 589 00 91 00,1,09월 07일, -
272 589 01 33 00,1,09월 07일,
272 589 01 61 00,1,09월 07일,
272 589 02 63 00,1,09월 07일,
273 589 00 43 00,1,09월 07일, -
273 589 00 61 00,-,-,공유
273 589 00 91 00,1,10월 02일,
274 589 00 63 00,1,10월 02일,공유
276 589 00 33 00,1,10월 02일, -
276 589 00 62 00,1,10월 02일, -
276 589 00 63 00,1,10월 02일, -
276 589 01 40 00,1,10월 02일, -
276 589 01 91 00,1,10월 02일, -
276 589 02 91 00,1,10월 02일, -
276 589 03 91 00,1,10월 03일, -
278 589 00 09 00,1,10월 03일, -
278 589 00 33 00,1,10월 03일, -
278 589 00 40 00,1,10월 03일, -
278 589 00 91 00,1,10월 03일, -
278 589 01 15 00,1,10월 03일, -
278 589 01 63 00,-,-,공유
279 589 00 63 00,-,-,
282 589 00 21 00,-,-,공유
282 589 00 23 00,1,10월 03일,-
282 589 00 33 00,1,10월 04일,-
282 589 00 40 00,-,-,공유
282 589 00 43 00,1,10월 04일,-
285 589 00 21 00 ,1,01월 01일, -
285 589 00 34 00,1,10월 04일,공유
285 589 00 40 00,1,10월 04일, -
285 589 01 03 00,-,-,공유
285 589 01 21 00,1,10월 08일, -
285 589 01 40 00,-,-,공유
285 589 01 61 00,-,-,공유
285 589 02 21 00,1,10월 04일,-
290 589 00 15 00,1,10월 04일,-
290 589 01 15 00,1,10월 04일,-
292 589 00 40 00,1,10월 04일,-
293 589 00 23 00,1,07월 15일,-
297 589 00 15 00,1,04월 15일,-
297 589 00 31 00,1,03월 15일,-
305 589 00 15 00,-,-,공유
312 589 05 15 00,-,-,공유
318 589 00 35 00,-,-,공유
343 589 03 15 00,-,-,공유
352 589 04 15 00,-,-,공유
360 589 00 15 00,-,-,공유
385 589 03 15 00,-,-,공유
387 589 04 15 00,-,-,공유
450 589 17 21 00,1,10월 05일,"일부
공유"
451 589 08 63 00,1,04월 15일,-
452 589 01 63 00,1,10월 05일,
453 589 00 63 05,-,-,공유
453 589 00 63 06,-,-,공유
460 589 01 07 00,1,10월 05일, -
460 589 01 23 00,-,-,공유
460 589 01 31 00,-,-,공유
460 589 02 33 00,-,-,공유
460 589 05 31 00,-,-,공유
460 589 15 15 00,-,-,공유
460 589 18 15 00,-,-,공유
460 589 19 15 00,-,-,공유
463 589 00 07 00,-,-,공유
463 589 00 15 00,-,-,공유
463 589 00 21 00,-,-,공유
463 589 00 33 00,-,-,공유
463 589 00 34 00,-,-,공유
463 589 00 63 00,-,-,공유
463 589 01 34 00,-,-,공유
463 589 01 63 00,1,10월 05일, -
463 589 02 31 00,-,-,공유
463 589 02 34 00,-,-,공유
463 589 03 34 00,-,-,공유
463 589 04 23 00,-,-,공유
463 589 04 34 00,-,-,공유
463 589 05 34 00,-,-,공유
470 589 14 15 00,-,-,공유
601 589 00 10 00,1,10월 05일, -
601 589 02 63 00,-,-,공유
601 589 04 33 00,-,-,공유
602 589 00 10 00,1,10월 05일, -
602 589 00 33 00,1,10월 05일, -
602 589 00 33 02,1,10월 05일,
602 589 02 33 00,-,-,공유
602 589 02 40 00,-,-,공유
602 589 02 63 00,-,-,공유
602 589 03 63 00,-,-,공유
602 589 04 63 00,-,-,공유
602 589 04 63 01,-,-,공유
602 589 05 63 00,-,-,공유
603 589 00 40 00,1,10월 05일,
602 589 05 63 01,-,-,공유
605 589 00 33 00,1,10월 05일, -
606 589 00 37 00,1,10월 06일, -
607 589 00 15 00,-,-,공유
607 589 00 31 00,-,-,공유
607 589 00 43 00,-,-,공유
607 589 00 63 00,1,10월 01일, -
607 589 00 91 00,1,10월 06일, -
607 589 01 15 00,1,10월 06일, -
607 589 01 40 00,-,-,공유
607 589 01 43 00,-,-,공유
607 589 01 63 00,1,10월 06일, -
607 589 01 91 00,1,10월 06일, -
607 589 02 43 00,-,-,공유
607 589 02 63 00,1,10월 06일, -
607 589 02 91 00,-,-,공유
607 589 03 43 00,-,-,공유
607 589 03 63 00,1,10월 06일, -
607 589 03 91 00,-,-,공유
607 589 04 43 00,-,-,공유
607 589 04 63 00,1,10월 06일, -
607 589 05 43 00,-,-,공유
607 589 05 63 00,1,10월 06일,-
607 589 06 43 00,-,-,공유
608 589 00 15 00,,,공유
608 589 00 40 00 ,1,10월 07일,-
608 589 00 61 00,-,-,공유
608 589 00 63 00,-,-,공유
608 589 00 91 00,-,-,공유
608 589 01 40 00,1,10월 07일,-
611 589 00 21 00,1,10월 07일,
611 589 00 33 00,1,10월 07일,
611 589 00 37 00,2,10월 07일, -
611 589 00 63 00,1,10월 07일, -
611 589 00 68 00,1,10월 07일, -
611 589 01 63 00,1,11월 02일, -
611 589 02 21 00,1,11월 02일, -
611 589 02 63 00,1,11월 02일, -
611 589 04 21 00,1,11월 02일,
613 589 00 33 00,-,-,공유
617 589 00 10 00,1,11월 03일,
626 589 00 15 00,-,-,공유
626 589 00 40 00,1,11월 03일, -
626 589 00 61 00,-,-,공유
626 589 01 40 00,-,-,공유
626 589 01 63 00,-,-,공유
626 589 01 91 00,1,11월 03일, -
626 589 02 40 00,1,11월 03일, -
626 589 03 40 00,-,-,공유
626 589 04 40 00,1,11월 03일, -
639 589 01 07 00,-,-, -
639 589 01 31 00,1,11월 03일,공유
640 589 00 63 00 ,1,11월 04일, -
640 589 01 91 00,1,11월 04일, -
642 589 00 09 00,1,11월 04일, -
642 589 00 14 00,-,-,공유
642 589 00 21 00,1,11월 04일, -
642 589 00 31 00,1,11월 04일, -
642 589 00 33 00,1,11월 04일,공유
642 589 00 40 00,-,-,공유
642 589 00 91 00,-,-,공유
642 589 00 99 00,-,-,공유
642 589 00 63 00,1,11월 04일,-
642 589 01 33 00,1,11월 04일, -
642 589 01 63 00,1,11월 04일, -
642 589 01 91 00,1,11월 04일, -
642 589 02 63 00,1,11월 05일, -
642 589 03 63 00,-,-,공유
642 589 04 40 00,1,11월 05일, -
642 589 05 63 00,-,-,공유
646 589 00 63 00,1,11월 05일,
646 589 00 91 00,1,11월 05일,
646 589 01 63 00,1,11#5,
646 589 02 21 00,1,11월 05일,
646 589 02 63 00,1,11월 06일,
646 589 03 63 00,1,11월 06일,
646 589 04 63 00,1,11월 06일,
651 589 00 07 00,1,11월 06일, -
651 589 00 09 00,-,-,공유
651 589 00 33 00,1,11월 06일, -
651 589 00 40 00,1,11월 06일, -
651 589 00 61 00,1,11월 06일, -
651 589 00 63 00,1,11월 06일, -
651 589 00 91 00 ,1,11월 07일, -
651 589 01 33 00,1,11월 07일, -
651 589 01 40 00,1,11월 07일, -
651 589 01 61 00,1,11월 07일,공유
651 589 01 63 00,1,11월 07일, -
651 589 01 91 00,1,11월 07일, -
651 589 02 40 00,1,11월 07일,공유
651 589 02 43 00,-,-,공유
651 589 02 63 00,1,11월 07일,공유
651 589 02 91 00,1,11월 07일,공유
651 589 04 40 00,1,12월 01일,공유
651 589 04 63 00,-,-,공유
651 589 06 63 00,1,12월 02일, -
651 589 09 40 00,1,12월 02일, -
651 589 10 40 00,1,12월 02일, -
651 589 11 63 00,-,-,공유
652 589 00 33 21,1,12월 01일, -
652 589 00 33 23,1,12월 01일, -
654 589 00 09 00,1,12월 02일, -
654 589 00 14 00,1,12월 02일, -
654 589 00 21 00,1,12월 02일,공유
654 589 00 31 00,-,-,공유
654 589 00 40 00,1,12월 02일, -
654 589 00 43 00,1,12월 02일, -
654 589 00 61 00,1,12월 02일,-
654 589 00 91 00,1,12월 03일,-
654 589 01 21 00,1,12월 03일,-
654 589 01 40 00,1,12월 03일, -
654 589 01 43 00,1,12월 03일, -
654 589 02 09 00,-,-,공유
654 589 02 63 00,1,12월 08일,-
654 589 03 21 00,1,12월 03일,공유
654 589 03 21 01,1,12월 03일,공유
654 589 03 63 00,1,12월 03일,-
656 589 00 15 00,1,12월 03일, -
668 589 00 63 00,1,12월 04일,
668 589 00 68 00,1,12월 04일, -
668 589 01 34 00,1,12월 04일,
700 589 00 63 00,1,12월 04일,
700 589 00 09 00,-,-,공유
700 589 00 90 00,1,12월 04일,공유
700 589 05 63 00,-,-,공유
700 589 09 63 00,-,-,공유
700 589 11 15 00,1,12월 04일,-
711 589 00 59 00,1,12월 04일, -
711 589 01 15 00,-,-,공유
711 589 03 15 00,1,12월 05일, -
711 589 19 15 00,1,12월 05일, -
715 589 22 15 00,1,04월 15일,
717 589 00 31 00,1,12월 05일, -
721 589 06 15 00,-,,-
722 589 00 09 00,-,-,공유
722 589 00 14 00,1,12월 05일, -
722 589 01 31 00,-,-,공유
722 589 01 33 00,1,12월 05일,공유
722 589 03 31 00,-,-,공유
722 589 04 15 00,-,-,공유
722 589 06 14 00,-,-,공유
722 589 03 09 00,1,12월 05일,
722 589 03 14 00,1,12월 05일,
722 589 16 15 00,1,12월 05일, -
724 589 00 09 00,-,-,공유
724 589 00 14 00,-,-,공유
724 589 00 15 00,-,-,공유
724 589 00 21 00,1,, -
724 589 00 31 00,-,-,공유
724 589 00 40 00,-,-,공유
724 589 00 59 00,-,-,공유
724 589 00 63 00,-,-,공유
724 589 01 09 00,-,-,공유
724 589 01 15 00,1,12월 06일,공유
724 589 01 31 00,-,-,공유
724 589 01 33 00,-,-,공유
724 589 02 09 00,1,12월 06일,-
724 589 02 15 00,-,-,공유
724 589 02 31 00,-,-,공유
724 589 02 33 00,-,-,공유
724 589 02 40 00,-,-,공유
724 589 02 63 00,-,-,공유
724 589 03 15 00,-,-,공유
724 589 03 31 00,-,-,공유
724 589 03 63 00,-,-,공유
724 589 04 15 00,-,-,공유
724 589 04 40 00,-,-,공유
724 589 04 63 00,-,-,공유
724 589 05 15 00,1,12월 06일,-
724 589 06 15 00,1,12월 06일,
725 589 00 09 00,-,-,공유
725 589 00 15 00,1,12월 06일, -
725 589 00 31 00,-,-,공유
725 589 00 33 00,-,-,공유
725 589 00 40 00,-,-,공유
725 589 00 59 00,-,-,공유
725 589 00 63 00,-,-,공유
725 589 00 90 00,1,12월 06일, -
725 589 01 14 00,1,12월 06일, -
725 589 01 31 00,1,12월 07일, -
725 589 01 59 00,-,-,공유
725 589 02 15 00,1,12월 07일,-
725 589 02 31 00,-,-,공유
725 589 02 90 00,1,12월 07일, -
725 589 03 15 00,1,12월 07일,-
725 589 03 31 00,-,-,공유
725 589 03 90 00,1,12월 07일,-
725 589 04 15 00,1,12월 07일,-
725 589 04 31 00,-,-,공유
725 589 05 15 00,1,12월 07일,-
725 589 06 15 00,1,02월 13일, -
725 589 07 15 00,1,02월 13일,-
741 589 00 35 00,-,-,공유
741 589 01 15 00,-,-,공유
906 589 00 03 00,1,02월 13일,
906 589 08 63 00,1,02월 13일,
936 589 01 63 00,1,02월 13일, -
